-- phpMyAdmin SQL Dump
-- version 4.9.4
-- https://www.phpmyadmin.net/
--
-- Host: localhost:3306
-- Tempo de geração: 20-Jun-2020 às 12:49
-- Versão do servidor: 10.2.32-MariaDB-log
-- versão do PHP: 7.3.6

SET SQL_MODE = "NO_AUTO_VALUE_ON_ZERO";
SET AUTOCOMMIT = 0;
START TRANSACTION;
SET time_zone = "+00:00";


/*!40101 SET @OLD_CHARACTER_SET_CLIENT=@@CHARACTER_SET_CLIENT */;
/*!40101 SET @OLD_CHARACTER_SET_RESULTS=@@CHARACTER_SET_RESULTS */;
/*!40101 SET @OLD_COLLATION_CONNECTION=@@COLLATION_CONNECTION */;
/*!40101 SET NAMES utf8mb4 */;

--
-- Banco de dados: `sysbrcom_meuproduto`
--
CREATE DATABASE IF NOT EXISTS `sysbrcom_meuproduto` DEFAULT CHARACTER SET latin1 COLLATE latin1_swedish_ci;
USE `sysbrcom_meuproduto`;

DELIMITER $$
--
-- Funções
--
DROP FUNCTION IF EXISTS `distanciaEntreCoordenadas`$$
$$

DELIMITER ;

-- --------------------------------------------------------

--
-- Estrutura stand-in para vista `pesquisa`
-- (Veja abaixo para a view atual)
--
DROP VIEW IF EXISTS `pesquisa`;
CREATE TABLE IF NOT EXISTS `pesquisa` (
`id_loja` bigint(20)
,`id_produto` bigint(20)
,`idloja` bigint(20)
,`latitude` varchar(255)
,`longitude` varchar(255)
,`nomeloja` varchar(50)
,`idproduto` bigint(20)
,`categoria` varchar(255)
,`descricao` varchar(255)
,`marca` varchar(255)
,`nome` varchar(255)
);

-- --------------------------------------------------------

--
-- Estrutura da tabela `tb_categoria_produto`
--

DROP TABLE IF EXISTS `tb_categoria_produto`;
CREATE TABLE IF NOT EXISTS `tb_categoria_produto` (
  `id` bigint(20) NOT NULL AUTO_INCREMENT,
  `descricao` varchar(255) DEFAULT NULL,
  `nome` varchar(255) DEFAULT NULL,
  PRIMARY KEY (`id`)
) ENGINE=MyISAM AUTO_INCREMENT=4 DEFAULT CHARSET=latin1;

--
-- Extraindo dados da tabela `tb_categoria_produto`
--

INSERT INTO `tb_categoria_produto` (`id`, `descricao`, `nome`) VALUES
(1, 'categoria1', 'nomecategoria1'),
(2, 'categoria2', 'nomecategoria2'),
(3, 'categoria3', 'nomecategoria3');

-- --------------------------------------------------------

--
-- Estrutura da tabela `tb_horario_funcionamento`
--

DROP TABLE IF EXISTS `tb_horario_funcionamento`;
CREATE TABLE IF NOT EXISTS `tb_horario_funcionamento` (
  `id` bigint(20) NOT NULL AUTO_INCREMENT,
  `aberto` bit(1) DEFAULT NULL,
  `dia_semana` varchar(255) DEFAULT NULL,
  `horario_funcionamento_ate` time DEFAULT NULL,
  `horario_funcionamento_de` time DEFAULT NULL,
  `id_loja` bigint(20) DEFAULT NULL,
  PRIMARY KEY (`id`)
) ENGINE=MyISAM DEFAULT CHARSET=latin1;

-- --------------------------------------------------------

--
-- Estrutura da tabela `tb_loja`
--

DROP TABLE IF EXISTS `tb_loja`;
CREATE TABLE IF NOT EXISTS `tb_loja` (
  `id` bigint(20) NOT NULL AUTO_INCREMENT,
  `bairro_endereco_comercial` varchar(255) NOT NULL,
  `cep_endereco_comercial` varchar(255) NOT NULL,
  `cidade_endereco_comercial` varchar(255) NOT NULL,
  `cnpj` varchar(255) NOT NULL,
  `data_criacao` datetime DEFAULT NULL,
  `email_usuario_criador_loja` varchar(255) NOT NULL,
  `estado_endereco_comercial` varchar(255) NOT NULL,
  `latitude` varchar(255) DEFAULT NULL,
  `longitude` varchar(255) DEFAULT NULL,
  `nome` varchar(50) NOT NULL,
  `numero_endereco_comercial` varchar(255) NOT NULL,
  `razao_social` varchar(255) NOT NULL,
  `rua_endereco_comercial` varchar(255) NOT NULL,
  `telefone_contato` varchar(255) NOT NULL,
  PRIMARY KEY (`id`)
) ENGINE=MyISAM AUTO_INCREMENT=111 DEFAULT CHARSET=latin1;

--
-- Extraindo dados da tabela `tb_loja`
--

INSERT INTO `tb_loja` (`id`, `bairro_endereco_comercial`, `cep_endereco_comercial`, `cidade_endereco_comercial`, `cnpj`, `data_criacao`, `email_usuario_criador_loja`, `estado_endereco_comercial`, `latitude`, `longitude`, `nome`, `numero_endereco_comercial`, `razao_social`, `rua_endereco_comercial`, `telefone_contato`) VALUES
(1, 'Bairro Lat. -2291128211', '55958939', 'End Comercial -2291128211 -40355958939', '-2291128211', NULL, 'Email -2291128211@-40355958939com.br', 'rj', '-22.902266', '-43.557048', 'Nome Lat. -2291128211', '211', 'Razao Social -2291128211 -40355958939', 'Rua -2291128211 -40355958939', '91128211'),
(2, 'Bairro Lat. -2290938467', '55134964', 'End Comercial -2290938467 -40355134964', '-2290938467', NULL, 'Email -2290938467@-40355134964com.br', 'rj', '-22.896580', '-43.558762', 'Nome Lat. -2290938467', '467', 'Razao Social -2290938467 -40355134964', 'Rua -2290938467 -40355134964', '90938467'),
(3, 'Bairro Lat. -2291317952', '55478287', 'End Comercial -2291317952 -40355478287', '-2291317952', NULL, 'Email -2291317952@-40355478287com.br', 'rj', '-22.899545', '-43.558934', 'Nome Lat. -2291317952', '952', 'Razao Social -2291317952 -40355478287', 'Rua -2291317952 -40355478287', '91317952'),
(4, 'Bairro Lat. -2291950404', '55340958', 'End Comercial -2291950404 -40355340958', '-2291950404', NULL, 'Email -2291950404@-40355340958com.br', 'rj', '-22.91.950.404', '-40.355.340.958', 'Nome Lat. -2291950404', '404', 'Razao Social -2291950404 -40355340958', 'Rua -2291950404 -40355340958', '91950404'),
(5, 'Bairro Lat. -2288914367', '59186172', 'End Comercial -2288914367 -40359186172', '-2288914367', NULL, 'Email -2288914367@-40359186172com.br', 'rj', '-22.88.914.367', '-40.359.186.172', 'Nome Lat. -2288914367', '367', 'Razao Social -2288914367 -40359186172', 'Rua -2288914367 -40359186172', '88914367'),
(6, 'Bairro Lat. -2289825155', '58218002', 'End Comercial -2289825155 -40358218002', '-2289825155', NULL, 'Email -2289825155@-40358218002com.br', 'rj', '-22.89.825.155', '-40.358.218.002', 'Nome Lat. -2289825155', '155', 'Razao Social -2289825155 -40358218002', 'Rua -2289825155 -40358218002', '89825155'),
(7, 'Bairro Lat. -2289483580', '58884048', 'End Comercial -2289483580 -40358884048', '-2289483580', NULL, 'Email -2289483580@-40358884048com.br', 'rj', '-22.876571', '-43.423522', 'Nome Lat. -2289483580', '580', 'Razao Social -2289483580 -40358884048', 'Rua -2289483580 -40358884048', '89483580'),
(8, 'Bairro Lat. -2289142005', '59550094', 'End Comercial -2289142005 -40359550094', '-2289142005', NULL, 'Email -2289142005@-40359550094com.br', 'rj', '-22.89.142.005', '-40.359.550.094', 'Nome Lat. -2289142005', '005', 'Razao Social -2289142005 -40359550094', 'Rua -2289142005 -40359550094', '89142005'),
(9, 'Bairro Lat. -2281890931', '64850998', 'End Comercial -2281890931 -40364850998', '-2281890931', NULL, 'Email -2281890931@-40364850998com.br', 'rj', '-22.81.890.931', '-40.364.850.998', 'Nome Lat. -2281890931', '931', 'Razao Social -2281890931 -40364850998', 'Rua -2281890931 -40364850998', '81890931'),
(10, 'Bairro Lat. -2292646066', '65400314', 'End Comercial -2292646066 -40365400314', '-2292646066', NULL, 'Email -2292646066@-40365400314com.br', 'rj', '-22.92.646.066', '-40.365.400.314', 'Nome Lat. -2292646066', '066', 'Razao Social -2292646066 -40365400314', 'Rua -2292646066 -40365400314', '92646066'),
(11, 'Bairro Lat. -2303401201', '65949630', 'End Comercial -2303401201 -40365949630', '-2303401201', NULL, 'Email -2303401201@-40365949630com.br', 'rj', '-2.303.401.201', '-40.365.949.630', 'Nome Lat. -2303401201', '201', 'Razao Social -2303401201 -40365949630', 'Rua -2303401201 -40365949630', '03401201'),
(12, 'Bairro Lat. -2314156336', '66498946', 'End Comercial -2314156336 -40366498946', '-2314156336', NULL, 'Email -2314156336@-40366498946com.br', 'rj', '-2.314.156.336', '-40.366.498.946', 'Nome Lat. -2314156336', '336', 'Razao Social -2314156336 -40366498946', 'Rua -2314156336 -40366498946', '14156336'),
(13, 'Bairro Lat. -2280751654', '47204208', 'End Comercial -2280751654 -40347204208', '-2280751654', NULL, 'Email -2280751654@-40347204208com.br', 'rj', '-22.80.751.654', '-40.347.204.208', 'Nome Lat. -2280751654', '654', 'Razao Social -2280751654 -40347204208', 'Rua -2280751654 -40347204208', '80751654'),
(14, 'Bairro Lat. -2285814379', '46311569', 'End Comercial -2285814379 -40346311569', '-2285814379', NULL, 'Email -2285814379@-40346311569com.br', 'rj', '-22.85.814.379', '-40.346.311.569', 'Nome Lat. -2285814379', '379', 'Razao Social -2285814379 -40346311569', 'Rua -2285814379 -40346311569', '85814379'),
(15, 'Bairro Lat. -2290495721', '46586227', 'End Comercial -2290495721 -40346586227', '-2290495721', NULL, 'Email -2290495721@-40346586227com.br', 'rj', '-22.853439', '-43.351321', 'Nome Lat. -2290495721', '721', 'Razao Social -2290495721 -40346586227', 'Rua -2290495721 -40346586227', '90495721'),
(16, 'Bairro Lat. -2295431318', '46082687', 'End Comercial -2295431318 -40346082687', '-2295431318', NULL, 'Email -2295431318@-40346082687com.br', 'rj', '-22.95.431.318', '-40.346.082.687', 'Nome Lat. -2295431318', '318', 'Razao Social -2295431318 -40346082687', 'Rua -2295431318 -40346082687', '95431318'),
(17, 'Bairro Lat. -2300303352', '45773697', 'End Comercial -2300303352 -40345773697', '-2300303352', NULL, 'Email -2300303352@-40345773697com.br', 'rj', '-2.300.303.352', '-40.345.773.697', 'Nome Lat. -2300303352', '352', 'Razao Social -2300303352 -40345773697', 'Rua -2300303352 -40345773697', '00303352'),
(18, 'Bairro Lat. -2305175385', '45464706', 'End Comercial -2305175385 -40345464706', '-2305175385', NULL, 'Email -2305175385@-40345464706com.br', 'rj', '-2.305.175.385', '-40.345.464.706', 'Nome Lat. -2305175385', '385', 'Razao Social -2305175385 -40345464706', 'Rua -2305175385 -40345464706', '05175385'),
(19, 'Bairro Lat. -2280973188', '53384018', 'End Comercial -2280973188 -40353384018', '-2280973188', NULL, 'Email -2280973188@-40353384018com.br', 'rj', '-22.80.973.188', '-40.353.384.018', 'Nome Lat. -2280973188', '188', 'Razao Social -2280973188 -40353384018', 'Rua -2280973188 -40353384018', '80973188'),
(20, 'Bairro Lat. -2290400845', '53521347', 'End Comercial -2290400845 -40353521347', '-2290400845', NULL, 'Email -2290400845@-40353521347com.br', 'rj', '-22.936953', '-43.177211', 'Nome Lat. -2290400845', '845', 'Razao Social -2290400845 -40353521347', 'Rua -2290400845 -40353521347', '90400845'),
(21, 'Bairro Lat. -2266090804', '35310936', 'End Comercial -2266090804 -4035310936', '-2266090804', NULL, 'Email -2266090804@-4035310936com.br', 'rj', '-22.66.090.804', '-4.035.310.936', 'Nome Lat. -2266090804', '804', 'Razao Social -2266090804 -4035310936', 'Rua -2266090804 -4035310936', '66090804'),
(22, 'Bairro Lat. -2299505915', '53178024', 'End Comercial -2299505915 -40353178024', '-2299505915', NULL, 'Email -2299505915@-40353178024com.br', 'rj', '-22.99.505.915', '-40.353.178.024', 'Nome Lat. -2299505915', '915', 'Razao Social -2299505915 -40353178024', 'Rua -2299505915 -40353178024', '99505915'),
(23, 'Bairro Lat. -2292064723', '94141483', 'End Comercial -2292064723 -22194141483', '-2292064723', NULL, 'Email -2292064723@-22194141483com.br', 'rj', '-22.92.064.723', '-22.194.141.483', 'Nome Lat. -2292064723', '723', 'Razao Social -2292064723 -22194141483', 'Rua -2292064723 -22194141483', '92064723'),
(24, 'Bairro Lat. -2295193537', '62258644', 'End Comercial -2295193537 -18562258644', '-2295193537', NULL, 'Email -2295193537@-18562258644com.br', 'rj', '-22.95.193.537', '-18.562.258.644', 'Nome Lat. -2295193537', '537', 'Razao Social -2295193537 -18562258644', 'Rua -2295193537 -18562258644', '95193537'),
(25, 'Bairro Lat. -2298322351', '30375804', 'End Comercial -2298322351 -14930375804', '-2298322351', NULL, 'Email -2298322351@-14930375804com.br', 'rj', '-22.902247', '-43.268325', 'Nome Lat. -2298322351', '351', 'Razao Social -2298322351 -14930375804', 'Rua -2298322351 -14930375804', '98322351'),
(26, 'Bairro Lat. -2290558971', '55821609', 'End Comercial -2290558971 -40355821609', '-2290558971', NULL, 'Email -2290558971@-40355821609com.br', 'rj', '-22.90.558.971', '-40.355.821.609', 'Nome Lat. -2290558971', '971', 'Razao Social -2290558971 -40355821609', 'Rua -2290558971 -40355821609', '90558971'),
(27, 'Bairro Lat. -2290495721', '55615616', 'End Comercial -2290495721 -40355615616', '-2290495721', NULL, 'Email -2290495721@-40355615616com.br', 'rj', '-22.90.495.721', '-40.355.615.616', 'Nome Lat. -2290495721', '721', 'Razao Social -2290495721 -40355615616', 'Rua -2290495721 -40355615616', '90495721'),
(28, 'Bairro Lat. -2290369219', '53555679', 'End Comercial -2290369219 -40353555679', '-2290369219', NULL, 'Email -2290369219@-40353555679com.br', 'rj', '-22.90.369.219', '-40.353.555.679', 'Nome Lat. -2290369219', '219', 'Razao Social -2290369219 -40353555679', 'Rua -2290369219 -40353555679', '90369219'),
(29, 'Bairro Lat. -2291760671', '55752945', 'End Comercial -2291760671 -40355752945', '-2291760671', NULL, 'Email -2291760671@-40355752945com.br', 'rj', '-22.91.760.671', '-40.355.752.945', 'Nome Lat. -2291760671', '671', 'Razao Social -2291760671 -40355752945', 'Rua -2291760671 -40355752945', '91760671'),
(30, 'Bairro Lat. -2291665795', '54619980', 'End Comercial -2291665795 -40354619980', '-2291665795', NULL, 'Email -2291665795@-40354619980com.br', 'rj', '-22.91.665.795', '-40.354.619.980', 'Nome Lat. -2291665795', '795', 'Razao Social -2291665795 -40354619980', 'Rua -2291665795 -40354619980', '91665795'),
(31, 'Bairro Lat. -2292013655', '54393387', 'End Comercial -2292013655 -40354393387', '-2292013655', NULL, 'Email -2292013655@-40354393387com.br', 'rj', '-22.92.013.655', '-40.354.393.387', 'Nome Lat. -2292013655', '655', 'Razao Social -2292013655 -40354393387', 'Rua -2292013655 -40354393387', '92013655'),
(32, 'Bairro Lat. -2292361515', '54166794', 'End Comercial -2292361515 -40354166794', '-2292361515', NULL, 'Email -2292361515@-40354166794com.br', 'rj', '-22.92.361.515', '-40.354.166.794', 'Nome Lat. -2292361515', '515', 'Razao Social -2292361515 -40354166794', 'Rua -2292361515 -40354166794', '92361515'),
(33, 'Bairro Lat. -2292709374', '53940201', 'End Comercial -2292709374 -40353940201', '-2292709374', NULL, 'Email -2292709374@-40353940201com.br', 'rj', '-22.92.709.374', '-40.353.940.201', 'Nome Lat. -2292709374', '374', 'Razao Social -2292709374 -40353940201', 'Rua -2292709374 -40353940201', '92709374'),
(34, 'Bairro Lat. -2293057234', '53713608', 'End Comercial -2293057234 -40353713608', '-2293057234', NULL, 'Email -2293057234@-40353713608com.br', 'rj', '-22.93.057.234', '-40.353.713.608', 'Nome Lat. -2293057234', '234', 'Razao Social -2293057234 -40353713608', 'Rua -2293057234 -40353713608', '93057234'),
(35, 'Bairro Lat. -2293405094', '53487016', 'End Comercial -2293405094 -40353487016', '-2293405094', NULL, 'Email -2293405094@-40353487016com.br', 'rj', '-22.93.405.094', '-40.353.487.016', 'Nome Lat. -2293405094', '094', 'Razao Social -2293405094 -40353487016', 'Rua -2293405094 -40353487016', '93405094'),
(36, 'Bairro Lat. -2293752954', '53260423', 'End Comercial -2293752954 -40353260423', '-2293752954', NULL, 'Email -2293752954@-40353260423com.br', 'rj', '-22.93.752.954', '-40.353.260.423', 'Nome Lat. -2293752954', '954', 'Razao Social -2293752954 -40353260423', 'Rua -2293752954 -40353260423', '93752954'),
(37, 'Bairro Lat. -2294100814', '53033830', 'End Comercial -2294100814 -40353033830', '-2294100814', NULL, 'Email -2294100814@-40353033830com.br', 'rj', '-22.94.100.814', '-40.353.033.830', 'Nome Lat. -2294100814', '814', 'Razao Social -2294100814 -40353033830', 'Rua -2294100814 -40353033830', '94100814'),
(38, 'Bairro Lat. -2294448673', '52807237', 'End Comercial -2294448673 -40352807237', '-2294448673', NULL, 'Email -2294448673@-40352807237com.br', 'rj', '-22.94.448.673', '-40.352.807.237', 'Nome Lat. -2294448673', '673', 'Razao Social -2294448673 -40352807237', 'Rua -2294448673 -40352807237', '94448673'),
(39, 'Bairro Lat. -2294796533', '52580644', 'End Comercial -2294796533 -40352580644', '-2294796533', NULL, 'Email -2294796533@-40352580644com.br', 'rj', '-22.94.796.533', '-40.352.580.644', 'Nome Lat. -2294796533', '533', 'Razao Social -2294796533 -40352580644', 'Rua -2294796533 -40352580644', '94796533'),
(40, 'Bairro Lat. -2295144393', '52354051', 'End Comercial -2295144393 -40352354051', '-2295144393', NULL, 'Email -2295144393@-40352354051com.br', 'rj', '-22.95.144.393', '-40.352.354.051', 'Nome Lat. -2295144393', '393', 'Razao Social -2295144393 -40352354051', 'Rua -2295144393 -40352354051', '95144393'),
(41, 'Bairro Lat. -2292393102', '25265884', 'End Comercial -2292393102 -40325265884', '-2292393102', NULL, 'Email -2292393102@-40325265884com.br', 'rj', '-22.92.393.102', '-40.325.265.884', 'Nome Lat. -2292393102', '102', 'Razao Social -2292393102 -40325265884', 'Rua -2292393102 -40325265884', '92393102'),
(42, 'Bairro Lat. -2292377292', '24508429', 'End Comercial -2292377292 -40324508429', '-2292377292', NULL, 'Email -2292377292@-40324508429com.br', 'rj', '-22.92.377.292', '-40.324.508.429', 'Nome Lat. -2292377292', '292', 'Razao Social -2292377292 -40324508429', 'Rua -2292377292 -40324508429', '92377292'),
(43, 'Bairro Lat. -2291112399', '25585604', 'End Comercial -2291112399 -40325585604', '-2291112399', NULL, 'Email -2291112399@-40325585604com.br', 'rj', '-22.91.112.399', '-40.325.585.604', 'Nome Lat. -2291112399', '399', 'Razao Social -2291112399 -40325585604', 'Rua -2291112399 -40325585604', '91112399'),
(44, 'Bairro Lat. -2290392939', '24538469', 'End Comercial -2290392939 -40324538469', '-2290392939', NULL, 'Email -2290392939@-40324538469com.br', 'rj', '-22.90.392.939', '-40.324.538.469', 'Nome Lat. -2290392939', '939', 'Razao Social -2290392939 -40324538469', 'Rua -2290392939 -40324538469', '90392939'),
(45, 'Bairro Lat. -2292424723', '23967695', 'End Comercial -2292424723 -40323967695', '-2292424723', NULL, 'Email -2292424723@-40323967695com.br', 'rj', '-22.92.424.723', '-40.323.967.695', 'Nome Lat. -2292424723', '723', 'Razao Social -2292424723 -40323967695', 'Rua -2292424723 -40323967695', '92424723'),
(46, 'Bairro Lat. -2291163758', '24003315', 'End Comercial -2291163758 -40324003315', '-2291163758', NULL, 'Email -2291163758@-40324003315com.br', 'rj', '-22.91.163.758', '-40.324.003.315', 'Nome Lat. -2291163758', '758', 'Razao Social -2291163758 -40324003315', 'Rua -2291163758 -40324003315', '91163758'),
(47, 'Bairro Lat. -2290971647', '23746681', 'End Comercial -2290971647 -40323746681', '-2290971647', NULL, 'Email -2290971647@-40323746681com.br', 'rj', '-22.90.971.647', '-40.323.746.681', 'Nome Lat. -2290971647', '647', 'Razao Social -2290971647 -40323746681', 'Rua -2290971647 -40323746681', '90971647'),
(48, 'Bairro Lat. -2290779536', '23490047', 'End Comercial -2290779536 -40323490047', '-2290779536', NULL, 'Email -2290779536@-40323490047com.br', 'rj', '-22.90.779.536', '-40.323.490.047', 'Nome Lat. -2290779536', '536', 'Razao Social -2290779536 -40323490047', 'Rua -2290779536 -40323490047', '90779536'),
(49, 'Bairro Lat. -2290587424', '23233413', 'End Comercial -2290587424 -40323233413', '-2290587424', NULL, 'Email -2290587424@-40323233413com.br', 'rj', '-22.90.587.424', '-40.323.233.413', 'Nome Lat. -2290587424', '424', 'Razao Social -2290587424 -40323233413', 'Rua -2290587424 -40323233413', '90587424'),
(50, 'Bairro Lat. -2290395313', '22976780', 'End Comercial -2290395313 -40322976780', '-2290395313', NULL, 'Email -2290395313@-40322976780com.br', 'rj', '-22.90.395.313', '-40.322.976.780', 'Nome Lat. -2290395313', '313', 'Razao Social -2290395313 -40322976780', 'Rua -2290395313 -40322976780', '90395313'),
(51, 'Bairro Lat. -2290203202', '22720146', 'End Comercial -2290203202 -40322720146', '-2290203202', NULL, 'Email -2290203202@-40322720146com.br', 'rj', '-22.90.203.202', '-40.322.720.146', 'Nome Lat. -2290203202', '202', 'Razao Social -2290203202 -40322720146', 'Rua -2290203202 -40322720146', '90203202'),
(52, 'Bairro Lat. -2290011091', '22463512', 'End Comercial -2290011091 -40322463512', '-2290011091', NULL, 'Email -2290011091@-40322463512com.br', 'rj', '-22.90.011.091', '-40.322.463.512', 'Nome Lat. -2290011091', '091', 'Razao Social -2290011091 -40322463512', 'Rua -2290011091 -40322463512', '90011091'),
(53, 'Bairro Lat. -2289818980', '22206878', 'End Comercial -2289818980 -40322206878', '-2289818980', NULL, 'Email -2289818980@-40322206878com.br', 'rj', '-22.89.818.980', '-40.322.206.878', 'Nome Lat. -2289818980', '980', 'Razao Social -2289818980 -40322206878', 'Rua -2289818980 -40322206878', '89818980'),
(54, 'Bairro Lat. -2289626869', '21950244', 'End Comercial -2289626869 -40321950244', '-2289626869', NULL, 'Email -2289626869@-40321950244com.br', 'rj', '-22.89.626.869', '-40.321.950.244', 'Nome Lat. -2289626869', '869', 'Razao Social -2289626869 -40321950244', 'Rua -2289626869 -40321950244', '89626869'),
(55, 'Bairro Lat. -2289434758', '21693611', 'End Comercial -2289434758 -40321693611', '-2289434758', NULL, 'Email -2289434758@-40321693611com.br', 'rj', '-22.89.434.758', '-40.321.693.611', 'Nome Lat. -2289434758', '758', 'Razao Social -2289434758 -40321693611', 'Rua -2289434758 -40321693611', '89434758'),
(56, 'Bairro Lat. -2289242647', '21436977', 'End Comercial -2289242647 -40321436977', '-2289242647', NULL, 'Email -2289242647@-40321436977com.br', 'rj', '-22.89.242.647', '-40.321.436.977', 'Nome Lat. -2289242647', '647', 'Razao Social -2289242647 -40321436977', 'Rua -2289242647 -40321436977', '89242647'),
(57, 'Bairro Lat. -2289050536', '21180343', 'End Comercial -2289050536 -40321180343', '-2289050536', NULL, 'Email -2289050536@-40321180343com.br', 'rj', '-22.89.050.536', '-40.321.180.343', 'Nome Lat. -2289050536', '536', 'Razao Social -2289050536 -40321180343', 'Rua -2289050536 -40321180343', '89050536'),
(58, 'Bairro Lat. -2288858425', '20923709', 'End Comercial -2288858425 -40320923709', '-2288858425', NULL, 'Email -2288858425@-40320923709com.br', 'rj', '-22.88.858.425', '-40.320.923.709', 'Nome Lat. -2288858425', '425', 'Razao Social -2288858425 -40320923709', 'Rua -2288858425 -40320923709', '88858425'),
(59, 'Bairro Lat. -2288666313', '20667075', 'End Comercial -2288666313 -40320667075', '-2288666313', NULL, 'Email -2288666313@-40320667075com.br', 'rj', '-22.88.666.313', '-40.320.667.075', 'Nome Lat. -2288666313', '313', 'Razao Social -2288666313 -40320667075', 'Rua -2288666313 -40320667075', '88666313'),
(60, 'Bairro Lat. -2288474202', '20410442', 'End Comercial -2288474202 -40320410442', '-2288474202', NULL, 'Email -2288474202@-40320410442com.br', 'rj', '-22.88.474.202', '-40.320.410.442', 'Nome Lat. -2288474202', '202', 'Razao Social -2288474202 -40320410442', 'Rua -2288474202 -40320410442', '88474202'),
(61, 'Bairro Lat. -2288282091', '20153808', 'End Comercial -2288282091 -40320153808', '-2288282091', NULL, 'Email -2288282091@-40320153808com.br', 'rj', '-22.88.282.091', '-40.320.153.808', 'Nome Lat. -2288282091', '091', 'Razao Social -2288282091 -40320153808', 'Rua -2288282091 -40320153808', '88282091'),
(62, 'Bairro Lat. -2288089980', '19897174', 'End Comercial -2288089980 -40319897174', '-2288089980', NULL, 'Email -2288089980@-40319897174com.br', 'rj', '-22.88.089.980', '-40.319.897.174', 'Nome Lat. -2288089980', '980', 'Razao Social -2288089980 -40319897174', 'Rua -2288089980 -40319897174', '88089980'),
(63, 'Bairro Lat. -2287897869', '19640540', 'End Comercial -2287897869 -40319640540', '-2287897869', NULL, 'Email -2287897869@-40319640540com.br', 'rj', '-22.87.897.869', '-40.319.640.540', 'Nome Lat. -2287897869', '869', 'Razao Social -2287897869 -40319640540', 'Rua -2287897869 -40319640540', '87897869'),
(64, 'Bairro Lat. -2292424723', '56164932', 'End Comercial -2292424723 -40356164932', '-2292424723', NULL, 'Email -2292424723@-40356164932com.br', 'rj', '-22.92.424.723', '-40.356.164.932', 'Nome Lat. -2292424723', '723', 'Razao Social -2292424723 -40356164932', 'Rua -2292424723 -40356164932', '92424723'),
(65, 'Bairro Lat. -2292108512', '52731705', 'End Comercial -2292108512 -40352731705', '-2292108512', NULL, 'Email -2292108512@-40352731705com.br', 'rj', '-22.92.108.512', '-40.352.731.705', 'Nome Lat. -2292108512', '512', 'Razao Social -2292108512 -40352731705', 'Rua -2292108512 -40352731705', '92108512'),
(66, 'Bairro Lat. -2291792301', '49298478', 'End Comercial -2291792301 -40349298478', '-2291792301', NULL, 'Email -2291792301@-40349298478com.br', 'rj', '-22.91.792.301', '-40.349.298.478', 'Nome Lat. -2291792301', '301', 'Razao Social -2291792301 -40349298478', 'Rua -2291792301 -40349298478', '91792301'),
(67, 'Bairro Lat. -2291476090', '45865251', 'End Comercial -2291476090 -40345865251', '-2291476090', NULL, 'Email -2291476090@-40345865251com.br', 'rj', '-22.91.476.090', '-40.345.865.251', 'Nome Lat. -2291476090', '090', 'Razao Social -2291476090 -40345865251', 'Rua -2291476090 -40345865251', '91476090'),
(68, 'Bairro Lat. -2291159879', '42432024', 'End Comercial -2291159879 -40342432024', '-2291159879', NULL, 'Email -2291159879@-40342432024com.br', 'rj', '-22.91.159.879', '-40.342.432.024', 'Nome Lat. -2291159879', '879', 'Razao Social -2291159879 -40342432024', 'Rua -2291159879 -40342432024', '91159879'),
(69, 'Bairro Lat. -2290843668', '38998797', 'End Comercial -2290843668 -40338998797', '-2290843668', NULL, 'Email -2290843668@-40338998797com.br', 'rj', '-22.90.843.668', '-40.338.998.797', 'Nome Lat. -2290843668', '668', 'Razao Social -2290843668 -40338998797', 'Rua -2290843668 -40338998797', '90843668'),
(70, 'Bairro Lat. -2290527457', '35565570', 'End Comercial -2290527457 -40335565570', '-2290527457', NULL, 'Email -2290527457@-40335565570com.br', 'rj', '-22.90.527.457', '-40.335.565.570', 'Nome Lat. -2290527457', '457', 'Razao Social -2290527457 -40335565570', 'Rua -2290527457 -40335565570', '90527457'),
(71, 'Bairro Lat. -2290211246', '32132343', 'End Comercial -2290211246 -40332132343', '-2290211246', NULL, 'Email -2290211246@-40332132343com.br', 'rj', '-22.90.211.246', '-40.332.132.343', 'Nome Lat. -2290211246', '246', 'Razao Social -2290211246 -40332132343', 'Rua -2290211246 -40332132343', '90211246'),
(72, 'Bairro Lat. -2272425713', '33230972', 'End Comercial -2272425713 -40333230972', '-2272425713', NULL, 'Email -2272425713@-40333230972com.br', 'rj', '-22.72.425.713', '-40.333.230.972', 'Nome Lat. -2272425713', '713', 'Razao Social -2272425713 -40333230972', 'Rua -2272425713 -40333230972', '72425713'),
(73, 'Bairro Lat. -22764152', '33024979', 'End Comercial -22764152 -40333024979', '-22764152', NULL, 'Email -22764152@-40333024979com.br', 'rj', '-22.764.152', '-40.333.024.979', 'Nome Lat. -22764152', '152', 'Razao Social -22764152 -40333024979', 'Rua -22764152 -40333024979', '22764152'),
(74, 'Bairro Lat. -2282365602', '33780289', 'End Comercial -2282365602 -40333780289', '-2282365602', NULL, 'Email -2282365602@-40333780289com.br', 'rj', '-22.82.365.602', '-40.333.780.289', 'Nome Lat. -2282365602', '602', 'Razao Social -2282365602 -40333780289', 'Rua -2282365602 -40333780289', '82365602'),
(75, 'Bairro Lat. -2294574762', '33350563', 'End Comercial -2294574762 -4033350563', '-2294574762', NULL, 'Email -2294574762@-4033350563com.br', 'rj', '-22.94.574.762', '-4.033.350.563', 'Nome Lat. -2294574762', '762', 'Razao Social -2294574762 -4033350563', 'Rua -2294574762 -4033350563', '94574762'),
(76, 'Bairro Lat. -2301086031', '32818985', 'End Comercial -2301086031 -40332818985', '-2301086031', NULL, 'Email -2301086031@-40332818985com.br', 'rj', '-2.301.086.031', '-40.332.818.985', 'Nome Lat. -2301086031', '031', 'Razao Social -2301086031 -40332818985', 'Rua -2301086031 -40332818985', '01086031'),
(77, 'Bairro Lat. -2311395894', '32355308', 'End Comercial -2311395894 -28232355308', '-2311395894', NULL, 'Email -2311395894@-28232355308com.br', 'rj', '-2.311.395.894', '-28.232.355.308', 'Nome Lat. -2311395894', '894', 'Razao Social -2311395894 -28232355308', 'Rua -2311395894 -28232355308', '11395894'),
(78, 'Bairro Lat. -2281289658', '24167252', 'End Comercial -2281289658 -40324167252', '-2281289658', NULL, 'Email -2281289658@-40324167252com.br', 'rj', '-22.81.289.658', '-40.324.167.252', 'Nome Lat. -2281289658', '658', 'Razao Social -2281289658 -40324167252', 'Rua -2281289658 -40324167252', '81289658'),
(79, 'Bairro Lat. -2290527346', '23755264', 'End Comercial -2290527346 -40323755264', '-2290527346', NULL, 'Email -2290527346@-40323755264com.br', 'rj', '-22.90.527.346', '-40.323.755.264', 'Nome Lat. -2290527346', '346', 'Razao Social -2290527346 -40323755264', 'Rua -2290527346 -40323755264', '90527346'),
(80, 'Bairro Lat. -2298557756', '23274612', 'End Comercial -2298557756 -40323274612', '-2298557756', NULL, 'Email -2298557756@-40323274612com.br', 'rj', '-22.98.557.756', '-40.323.274.612', 'Nome Lat. -2298557756', '756', 'Razao Social -2298557756 -40323274612', 'Rua -2298557756 -40323274612', '98557756'),
(81, 'Bairro Lat. -2307393018', '22839736', 'End Comercial -2307393018 -40322839736', '-2307393018', NULL, 'Email -2307393018@-40322839736com.br', 'rj', '-2.307.393.018', '-40.322.839.736', 'Nome Lat. -2307393018', '018', 'Razao Social -2307393018 -40322839736', 'Rua -2307393018 -40322839736', '07393018'),
(82, 'Bairro Lat. -2281954222', '19429398', 'End Comercial -2281954222 -40319429398', '-2281954222', NULL, 'Email -2281954222@-40319429398com.br', 'rj', '-22.81.954.222', '-40.319.429.398', 'Nome Lat. -2281954222', '222', 'Razao Social -2281954222 -40319429398', 'Rua -2281954222 -40319429398', '81954222'),
(83, 'Bairro Lat. -2291254705', '18262111', 'End Comercial -2291254705 -40318262111', '-2291254705', NULL, 'Email -2291254705@-40318262111com.br', 'rj', '-22.91.254.705', '-40.318.262.111', 'Nome Lat. -2291254705', '705', 'Razao Social -2291254705 -40318262111', 'Rua -2291254705 -40318262111', '91254705'),
(84, 'Bairro Lat. -2300555188', '17094824', 'End Comercial -2300555188 -40317094824', '-2300555188', NULL, 'Email -2300555188@-40317094824com.br', 'rj', '-2.300.555.188', '-40.317.094.824', 'Nome Lat. -2300555188', '188', 'Razao Social -2300555188 -40317094824', 'Rua -2300555188 -40317094824', '00555188'),
(85, 'Bairro Lat. -2309855671', '15927537', 'End Comercial -2309855671 -40315927537', '-2309855671', NULL, 'Email -2309855671@-40315927537com.br', 'rj', '-2.309.855.671', '-40.315.927.537', 'Nome Lat. -2309855671', '671', 'Razao Social -2309855671 -40315927537', 'Rua -2309855671 -40315927537', '09855671'),
(86, 'Bairro Lat. -2319156154', '14760250', 'End Comercial -2319156154 -40314760250', '-2319156154', NULL, 'Email -2319156154@-40314760250com.br', 'rj', '-2.319.156.154', '-40.314.760.250', 'Nome Lat. -2319156154', '154', 'Razao Social -2319156154 -40314760250', 'Rua -2319156154 -40314760250', '19156154'),
(87, 'Bairro Lat. -2328456637', '13592963', 'End Comercial -2328456637 -40313592963', '-2328456637', NULL, 'Email -2328456637@-40313592963com.br', 'rj', '-2.328.456.637', '-40.313.592.963', 'Nome Lat. -2328456637', '637', 'Razao Social -2328456637 -40313592963', 'Rua -2328456637 -40313592963', '28456637'),
(88, 'Bairro Lat. -2282017512', '16545486', 'End Comercial -2282017512 -40316545486', '-2282017512', NULL, 'Email -2282017512@-40316545486com.br', 'rj', '-22.82.017.512', '-40.316.545.486', 'Nome Lat. -2282017512', '512', 'Razao Social -2282017512 -40316545486', 'Rua -2282017512 -40316545486', '82017512'),
(89, 'Bairro Lat. -2290938467', '16751481', 'End Comercial -2290938467 -40316751481', '-2290938467', NULL, 'Email -2290938467@-40316751481com.br', 'rj', '-22.90.938.467', '-40.316.751.481', 'Nome Lat. -2290938467', '467', 'Razao Social -2290938467 -40316751481', 'Rua -2290938467 -40316751481', '90938467'),
(90, 'Bairro Lat. -2299859422', '16957476', 'End Comercial -2299859422 -40316957476', '-2299859422', NULL, 'Email -2299859422@-40316957476com.br', 'rj', '-22.99.859.422', '-40.316.957.476', 'Nome Lat. -2299859422', '422', 'Razao Social -2299859422 -40316957476', 'Rua -2299859422 -40316957476', '99859422'),
(91, 'Bairro Lat. -2308780377', '17163471', 'End Comercial -2308780377 -40317163471', '-2308780377', NULL, 'Email -2308780377@-40317163471com.br', 'rj', '-2.308.780.377', '-40.317.163.471', 'Nome Lat. -2308780377', '377', 'Razao Social -2308780377 -40317163471', 'Rua -2308780377 -40317163471', '08780377'),
(92, 'Bairro Lat. -2317701332', '17369466', 'End Comercial -2317701332 -40317369466', '-2317701332', NULL, 'Email -2317701332@-40317369466com.br', 'rj', '-2.317.701.332', '-40.317.369.466', 'Nome Lat. -2317701332', '332', 'Razao Social -2317701332 -40317369466', 'Rua -2317701332 -40317369466', '17701332'),
(93, 'Bairro Lat. -2326622287', '17575461', 'End Comercial -2326622287 -40317575461', '-2326622287', NULL, 'Email -2326622287@-40317575461com.br', 'rj', '-2.326.622.287', '-40.317.575.461', 'Nome Lat. -2326622287', '287', 'Razao Social -2326622287 -40317575461', 'Rua -2326622287 -40317575461', '26622287'),
(94, 'Bairro Lat. -2335543242', '17781456', 'End Comercial -2335543242 -40317781456', '-2335543242', NULL, 'Email -2335543242@-40317781456com.br', 'rj', '-2.335.543.242', '-40.317.781.456', 'Nome Lat. -2335543242', '242', 'Razao Social -2335543242 -40317781456', 'Rua -2335543242 -40317781456', '35543242'),
(95, 'Bairro Lat. -2344464197', '17987451', 'End Comercial -2344464197 -40317987451', '-2344464197', NULL, 'Email -2344464197@-40317987451com.br', 'rj', '-2.344.464.197', '-40.317.987.451', 'Nome Lat. -2344464197', '197', 'Razao Social -2344464197 -40317987451', 'Rua -2344464197 -40317987451', '44464197'),
(96, 'Bairro Lat. -2291982026', '10091019', 'End Comercial -2291982026 -40310091019', '-2291982026', NULL, 'Email -2291982026@-40310091019com.br', 'rj', '-22.91.982.026', '-40.310.091.019', 'Nome Lat. -2291982026', '026', 'Razao Social -2291982026 -40310091019', 'Rua -2291982026 -40310091019', '91982026'),
(97, 'Bairro Lat. -2291918782', '04872513', 'End Comercial -2291918782 -40304872513', '-2291918782', NULL, 'Email -2291918782@-40304872513com.br', 'rj', '-22.91.918.782', '-40.304.872.513', 'Nome Lat. -2291918782', '782', 'Razao Social -2291918782 -40304872513', 'Rua -2291918782 -40304872513', '91918782'),
(98, 'Bairro Lat. -2292108512', '08717728', 'End Comercial -2292108512 -40308717728', '-2292108512', NULL, 'Email -2292108512@-40308717728com.br', 'rj', '-22.92.108.512', '-40.308.717.728', 'Nome Lat. -2292108512', '512', 'Razao Social -2292108512 -40308717728', 'Rua -2292108512 -40308717728', '92108512'),
(99, 'Bairro Lat. -2292424723', '02675247', 'End Comercial -2292424723 -40302675247', '-2292424723', NULL, 'Email -2292424723@-40302675247com.br', 'rj', '-22.92.424.723', '-40.302.675.247', 'Nome Lat. -2292424723', '723', 'Razao Social -2292424723 -40302675247', 'Rua -2292424723 -40302675247', '92424723'),
(100, 'Bairro Lat. -2293310075', '30906105', 'End Comercial -2293310075 -4030906105', '-2293310075', NULL, 'Email -2293310075@-4030906105com.br', 'rj', '-22.93.310.075', '-4.030.906.105', 'Nome Lat. -2293310075', '075', 'Razao Social -2293310075 -4030906105', 'Rua -2293310075 -4030906105', '93310075'),
(101, 'Bairro Lat. -2296471572', '97456741', 'End Comercial -2296471572 -40297456741', '-2296471572', NULL, 'Email -2296471572@-40297456741com.br', 'rj', '-22.96.471.572', '-40.297.456.741', 'Nome Lat. -2296471572', '572', 'Razao Social -2296471572 -40297456741', 'Rua -2296471572 -40297456741', '96471572'),
(102, 'Bairro Lat. -2295729730', '70008583', 'End Comercial -2295729730 -23370008583', '-2295729730', NULL, 'Email -2295729730@-23370008583com.br', 'rj', '-22.95.729.730', '-23.370.008.583', 'Nome Lat. -2295729730', '730', 'Razao Social -2295729730 -23370008583', 'Rua -2295729730 -23370008583', '95729730'),
(103, 'Bairro Lat. -2296499382', '58833923', 'End Comercial -2296499382 -20258833923', '-2296499382', NULL, 'Email -2296499382@-20258833923com.br', 'rj', '-22.96.499.382', '-20.258.833.923', 'Nome Lat. -2296499382', '382', 'Razao Social -2296499382 -20258833923', 'Rua -2296499382 -20258833923', '96499382'),
(104, 'Bairro Lat. -2297269034', '47659263', 'End Comercial -2297269034 -17147659263', '-2297269034', NULL, 'Email -2297269034@-17147659263com.br', 'rj', '-22.97.269.034', '-17.147.659.263', 'Nome Lat. -2297269034', '034', 'Razao Social -2297269034 -17147659263', 'Rua -2297269034 -17147659263', '97269034'),
(105, 'Bairro Lat. -2298038686', '36484603', 'End Comercial -2298038686 -14036484603', '-2298038686', NULL, 'Email -2298038686@-14036484603com.br', 'rj', '-22.98.038.686', '-14.036.484.603', 'Nome Lat. -2298038686', '686', 'Razao Social -2298038686 -14036484603', 'Rua -2298038686 -14036484603', '98038686'),
(106, 'Bairro Lat. -2298808338', '25309943', 'End Comercial -2298808338 -10925309943', '-2298808338', NULL, 'Email -2298808338@-10925309943com.br', 'rj', '-22.98.808.338', '-10.925.309.943', 'Nome Lat. -2298808338', '338', 'Razao Social -2298808338 -10925309943', 'Rua -2298808338 -10925309943', '98808338'),
(107, 'Bairro Lat. -2299577990', '14135283', 'End Comercial -2299577990 -7814135283', '-2299577990', NULL, 'Email -2299577990@-7814135283com.br', 'rj', '-22.99.577.990', '-7.814.135.283', 'Nome Lat. -2299577990', '990', 'Razao Social -2299577990 -7814135283', 'Rua -2299577990 -7814135283', '99577990'),
(108, 'Bairro Lat. -2300347642', '02960624', 'End Comercial -2300347642 -4702960624', '-2300347642', NULL, 'Email -2300347642@-4702960624com.br', 'rj', '-2.300.347.642', '-4.702.960.624', 'Nome Lat. -2300347642', '642', 'Razao Social -2300347642 -4702960624', 'Rua -2300347642 -4702960624', '00347642'),
(109, 'Bairro Lat. -2301117294', '91785964', 'End Comercial -2301117294 -1591785964', '-2301117294', NULL, 'Email -2301117294@-1591785964com.br', 'rj', '-2.301.117.294', '-1.591.785.964', 'Nome Lat. -2301117294', '294', 'Razao Social -2301117294 -1591785964', 'Rua -2301117294 -1591785964', '01117294'),
(110, 'Bairro Lat. -2301886946', '19388696', 'End Comercial -2301886946 1519388696', '-2301886946', NULL, 'Email -2301886946@1519388696com.br', 'rj', '-2.301.886.946', '1.519.388.696', 'Nome Lat. -2301886946', '946', 'Razao Social -2301886946 1519388696', 'Rua -2301886946 1519388696', '01886946');

-- --------------------------------------------------------

--
-- Estrutura da tabela `tb_loja_produto`
--

DROP TABLE IF EXISTS `tb_loja_produto`;
CREATE TABLE IF NOT EXISTS `tb_loja_produto` (
  `id` bigint(20) NOT NULL AUTO_INCREMENT,
  `preco` double DEFAULT NULL,
  `id_loja` bigint(20) DEFAULT NULL,
  `id_produto` bigint(20) DEFAULT NULL,
  PRIMARY KEY (`id`)
) ENGINE=MyISAM AUTO_INCREMENT=993 DEFAULT CHARSET=latin1;

--
-- Extraindo dados da tabela `tb_loja_produto`
--

INSERT INTO `tb_loja_produto` (`id`, `preco`, `id_loja`, `id_produto`) VALUES
(1, 2, 1, 1),
(2, 3, 1, 2),
(3, 4, 1, 3),
(4, 5, 1, 4),
(5, 6, 1, 5),
(6, 7, 1, 6),
(7, 8, 1, 7),
(8, 9, 1, 8),
(9, 10, 1, 9),
(10, 3, 2, 1),
(11, 4, 2, 2),
(12, 5, 2, 3),
(13, 6, 2, 4),
(14, 7, 2, 5),
(15, 8, 2, 6),
(16, 9, 2, 7),
(17, 10, 2, 8),
(18, 11, 2, 9),
(19, 4, 3, 1),
(20, 5, 3, 2),
(21, 6, 3, 3),
(22, 7, 3, 4),
(23, 8, 3, 5),
(24, 9, 3, 6),
(25, 10, 3, 7),
(26, 11, 3, 8),
(27, 12, 3, 9),
(28, 5, 4, 1),
(29, 6, 4, 2),
(30, 7, 4, 3),
(31, 8, 4, 4),
(32, 9, 4, 5),
(33, 10, 4, 6),
(34, 11, 4, 7),
(35, 12, 4, 8),
(36, 13, 4, 9),
(37, 6, 5, 1),
(38, 7, 5, 2),
(39, 8, 5, 3),
(40, 9, 5, 4),
(41, 10, 5, 5),
(42, 11, 5, 6),
(43, 12, 5, 7),
(44, 13, 5, 8),
(45, 14, 5, 9),
(46, 7, 6, 1),
(47, 8, 6, 2),
(48, 9, 6, 3),
(49, 10, 6, 4),
(50, 11, 6, 5),
(51, 12, 6, 6),
(52, 13, 6, 7),
(53, 14, 6, 8),
(54, 15, 6, 9),
(55, 8, 7, 1),
(56, 9, 7, 2),
(57, 10, 7, 3),
(58, 11, 7, 4),
(59, 12, 7, 5),
(60, 13, 7, 6),
(61, 14, 7, 7),
(62, 15, 7, 8),
(63, 16, 7, 9),
(64, 9, 8, 1),
(65, 10, 8, 2),
(66, 11, 8, 3),
(67, 12, 8, 4),
(68, 13, 8, 5),
(69, 14, 8, 6),
(70, 15, 8, 7),
(71, 16, 8, 8),
(72, 17, 8, 9),
(73, 10, 9, 1),
(74, 11, 9, 2),
(75, 12, 9, 3),
(76, 13, 9, 4),
(77, 14, 9, 5),
(78, 15, 9, 6),
(79, 16, 9, 7),
(80, 17, 9, 8),
(81, 18, 9, 9),
(82, 11, 10, 1),
(83, 12, 10, 2),
(84, 13, 10, 3),
(85, 14, 10, 4),
(86, 15, 10, 5),
(87, 16, 10, 6),
(88, 17, 10, 7),
(89, 18, 10, 8),
(90, 19, 10, 9),
(91, 12, 11, 1),
(92, 13, 11, 2),
(93, 14, 11, 3),
(94, 15, 11, 4),
(95, 16, 11, 5),
(96, 17, 11, 6),
(97, 18, 11, 7),
(98, 19, 11, 8),
(99, 20, 11, 9),
(100, 13, 12, 1),
(101, 14, 12, 2),
(102, 15, 12, 3),
(103, 16, 12, 4),
(104, 17, 12, 5),
(105, 18, 12, 6),
(106, 19, 12, 7),
(107, 20, 12, 8),
(108, 21, 12, 9),
(109, 14, 13, 1),
(110, 15, 13, 2),
(111, 16, 13, 3),
(112, 17, 13, 4),
(113, 18, 13, 5),
(114, 19, 13, 6),
(115, 20, 13, 7),
(116, 21, 13, 8),
(117, 22, 13, 9),
(118, 15, 14, 1),
(119, 16, 14, 2),
(120, 17, 14, 3),
(121, 18, 14, 4),
(122, 19, 14, 5),
(123, 20, 14, 6),
(124, 21, 14, 7),
(125, 22, 14, 8),
(126, 23, 14, 9),
(127, 16, 15, 1),
(128, 17, 15, 2),
(129, 18, 15, 3),
(130, 19, 15, 4),
(131, 20, 15, 5),
(132, 21, 15, 6),
(133, 22, 15, 7),
(134, 23, 15, 8),
(135, 24, 15, 9),
(136, 17, 16, 1),
(137, 18, 16, 2),
(138, 19, 16, 3),
(139, 20, 16, 4),
(140, 21, 16, 5),
(141, 22, 16, 6),
(142, 23, 16, 7),
(143, 24, 16, 8),
(144, 25, 16, 9),
(145, 18, 17, 1),
(146, 19, 17, 2),
(147, 20, 17, 3),
(148, 21, 17, 4),
(149, 22, 17, 5),
(150, 23, 17, 6),
(151, 24, 17, 7),
(152, 25, 17, 8),
(153, 26, 17, 9),
(154, 19, 18, 1),
(155, 20, 18, 2),
(156, 21, 18, 3),
(157, 22, 18, 4),
(158, 23, 18, 5),
(159, 24, 18, 6),
(160, 25, 18, 7),
(161, 26, 18, 8),
(162, 27, 18, 9),
(163, 20, 19, 1),
(164, 21, 19, 2),
(165, 22, 19, 3),
(166, 23, 19, 4),
(167, 24, 19, 5),
(168, 25, 19, 6),
(169, 26, 19, 7),
(170, 27, 19, 8),
(171, 28, 19, 9),
(172, 21, 20, 1),
(173, 22, 20, 2),
(174, 23, 20, 3),
(175, 24, 20, 4),
(176, 25, 20, 5),
(177, 26, 20, 6),
(178, 27, 20, 7),
(179, 28, 20, 8),
(180, 29, 20, 9),
(181, 22, 21, 1),
(182, 23, 21, 2),
(183, 24, 21, 3),
(184, 25, 21, 4),
(185, 26, 21, 5),
(186, 27, 21, 6),
(187, 28, 21, 7),
(188, 29, 21, 8),
(189, 30, 21, 9),
(190, 23, 22, 1),
(191, 24, 22, 2),
(192, 25, 22, 3),
(193, 26, 22, 4),
(194, 27, 22, 5),
(195, 28, 22, 6),
(196, 29, 22, 7),
(197, 30, 22, 8),
(198, 31, 22, 9),
(199, 24, 23, 1),
(200, 25, 23, 2),
(201, 26, 23, 3),
(202, 27, 23, 4),
(203, 28, 23, 5),
(204, 29, 23, 6),
(205, 30, 23, 7),
(206, 31, 23, 8),
(207, 32, 23, 9),
(208, 25, 24, 1),
(209, 26, 24, 2),
(210, 27, 24, 3),
(211, 28, 24, 4),
(212, 29, 24, 5),
(213, 30, 24, 6),
(214, 31, 24, 7),
(215, 32, 24, 8),
(216, 33, 24, 9),
(217, 26, 25, 1),
(218, 27, 25, 2),
(219, 28, 25, 3),
(220, 29, 25, 4),
(221, 30, 25, 5),
(222, 31, 25, 6),
(223, 32, 25, 7),
(224, 33, 25, 8),
(225, 34, 25, 9),
(226, 27, 26, 1),
(227, 28, 26, 2),
(228, 29, 26, 3),
(229, 30, 26, 4),
(230, 31, 26, 5),
(231, 32, 26, 6),
(232, 33, 26, 7),
(233, 34, 26, 8),
(234, 35, 26, 9),
(235, 28, 27, 1),
(236, 29, 27, 2),
(237, 30, 27, 3),
(238, 31, 27, 4),
(239, 32, 27, 5),
(240, 33, 27, 6),
(241, 34, 27, 7),
(242, 35, 27, 8),
(243, 36, 27, 9),
(244, 29, 28, 1),
(245, 30, 28, 2),
(246, 31, 28, 3),
(247, 32, 28, 4),
(248, 33, 28, 5),
(249, 34, 28, 6),
(250, 35, 28, 7),
(251, 36, 28, 8),
(252, 37, 28, 9),
(253, 30, 29, 1),
(254, 31, 29, 2),
(255, 32, 29, 3),
(256, 33, 29, 4),
(257, 34, 29, 5),
(258, 35, 29, 6),
(259, 36, 29, 7),
(260, 37, 29, 8),
(261, 38, 29, 9),
(262, 31, 30, 1),
(263, 32, 30, 2),
(264, 33, 30, 3),
(265, 34, 30, 4),
(266, 35, 30, 5),
(267, 36, 30, 6),
(268, 37, 30, 7),
(269, 38, 30, 8),
(270, 39, 30, 9),
(271, 32, 31, 1),
(272, 33, 31, 2),
(273, 34, 31, 3),
(274, 35, 31, 4),
(275, 36, 31, 5),
(276, 37, 31, 6),
(277, 38, 31, 7),
(278, 39, 31, 8),
(279, 40, 31, 9),
(280, 33, 32, 1),
(281, 34, 32, 2),
(282, 35, 32, 3),
(283, 36, 32, 4),
(284, 37, 32, 5),
(285, 38, 32, 6),
(286, 39, 32, 7),
(287, 40, 32, 8),
(288, 41, 32, 9),
(289, 34, 33, 1),
(290, 35, 33, 2),
(291, 36, 33, 3),
(292, 37, 33, 4),
(293, 38, 33, 5),
(294, 39, 33, 6),
(295, 40, 33, 7),
(296, 41, 33, 8),
(297, 42, 33, 9),
(298, 35, 34, 1),
(299, 36, 34, 2),
(300, 37, 34, 3),
(301, 38, 34, 4),
(302, 39, 34, 5),
(303, 40, 34, 6),
(304, 41, 34, 7),
(305, 42, 34, 8),
(306, 43, 34, 9),
(307, 36, 35, 1),
(308, 37, 35, 2),
(309, 38, 35, 3),
(310, 39, 35, 4),
(311, 40, 35, 5),
(312, 41, 35, 6),
(313, 42, 35, 7),
(314, 43, 35, 8),
(315, 44, 35, 9),
(316, 37, 36, 1),
(317, 38, 36, 2),
(318, 39, 36, 3),
(319, 40, 36, 4),
(320, 41, 36, 5),
(321, 42, 36, 6),
(322, 43, 36, 7),
(323, 44, 36, 8),
(324, 45, 36, 9),
(325, 38, 37, 1),
(326, 39, 37, 2),
(327, 40, 37, 3),
(328, 41, 37, 4),
(329, 42, 37, 5),
(330, 43, 37, 6),
(331, 44, 37, 7),
(332, 45, 37, 8),
(333, 46, 37, 9),
(334, 39, 38, 1),
(335, 40, 38, 2),
(336, 41, 38, 3),
(337, 42, 38, 4),
(338, 43, 38, 5),
(339, 44, 38, 6),
(340, 45, 38, 7),
(341, 46, 38, 8),
(342, 47, 38, 9),
(343, 40, 39, 1),
(344, 41, 39, 2),
(345, 42, 39, 3),
(346, 43, 39, 4),
(347, 44, 39, 5),
(348, 45, 39, 6),
(349, 46, 39, 7),
(350, 47, 39, 8),
(351, 48, 39, 9),
(352, 41, 40, 1),
(353, 42, 40, 2),
(354, 43, 40, 3),
(355, 44, 40, 4),
(356, 45, 40, 5),
(357, 46, 40, 6),
(358, 47, 40, 7),
(359, 48, 40, 8),
(360, 49, 40, 9),
(361, 42, 41, 1),
(362, 43, 41, 2),
(363, 44, 41, 3),
(364, 45, 41, 4),
(365, 46, 41, 5),
(366, 47, 41, 6),
(367, 48, 41, 7),
(368, 49, 41, 8),
(369, 50, 41, 9),
(370, 43, 42, 1),
(371, 44, 42, 2),
(372, 45, 42, 3),
(373, 46, 42, 4),
(374, 47, 42, 5),
(375, 48, 42, 6),
(376, 49, 42, 7),
(377, 50, 42, 8),
(378, 51, 42, 9),
(379, 44, 43, 1),
(380, 45, 43, 2),
(381, 46, 43, 3),
(382, 47, 43, 4),
(383, 48, 43, 5),
(384, 49, 43, 6),
(385, 50, 43, 7),
(386, 51, 43, 8),
(387, 52, 43, 9),
(388, 45, 44, 1),
(389, 46, 44, 2),
(390, 47, 44, 3),
(391, 48, 44, 4),
(392, 49, 44, 5),
(393, 50, 44, 6),
(394, 51, 44, 7),
(395, 52, 44, 8),
(396, 53, 44, 9),
(397, 46, 45, 1),
(398, 47, 45, 2),
(399, 48, 45, 3),
(400, 49, 45, 4),
(401, 50, 45, 5),
(402, 51, 45, 6),
(403, 52, 45, 7),
(404, 53, 45, 8),
(405, 54, 45, 9),
(406, 47, 46, 1),
(407, 48, 46, 2),
(408, 49, 46, 3),
(409, 50, 46, 4),
(410, 51, 46, 5),
(411, 52, 46, 6),
(412, 53, 46, 7),
(413, 54, 46, 8),
(414, 55, 46, 9),
(415, 48, 47, 1),
(416, 49, 47, 2),
(417, 50, 47, 3),
(418, 51, 47, 4),
(419, 52, 47, 5),
(420, 53, 47, 6),
(421, 54, 47, 7),
(422, 55, 47, 8),
(423, 56, 47, 9),
(424, 49, 48, 1),
(425, 50, 48, 2),
(426, 51, 48, 3),
(427, 52, 48, 4),
(428, 53, 48, 5),
(429, 54, 48, 6),
(430, 55, 48, 7),
(431, 56, 48, 8),
(432, 57, 48, 9),
(433, 50, 49, 1),
(434, 51, 49, 2),
(435, 52, 49, 3),
(436, 53, 49, 4),
(437, 54, 49, 5),
(438, 55, 49, 6),
(439, 56, 49, 7),
(440, 57, 49, 8),
(441, 58, 49, 9),
(442, 51, 50, 1),
(443, 52, 50, 2),
(444, 53, 50, 3),
(445, 54, 50, 4),
(446, 55, 50, 5),
(447, 56, 50, 6),
(448, 57, 50, 7),
(449, 58, 50, 8),
(450, 59, 50, 9),
(451, 52, 51, 1),
(452, 53, 51, 2),
(453, 54, 51, 3),
(454, 55, 51, 4),
(455, 56, 51, 5),
(456, 57, 51, 6),
(457, 58, 51, 7),
(458, 59, 51, 8),
(459, 60, 51, 9),
(460, 53, 52, 1),
(461, 54, 52, 2),
(462, 55, 52, 3),
(463, 56, 52, 4),
(464, 57, 52, 5),
(465, 58, 52, 6),
(466, 59, 52, 7),
(467, 60, 52, 8),
(468, 61, 52, 9),
(469, 54, 53, 1),
(470, 55, 53, 2),
(471, 56, 53, 3),
(472, 57, 53, 4),
(473, 58, 53, 5),
(474, 59, 53, 6),
(475, 60, 53, 7),
(476, 61, 53, 8),
(477, 62, 53, 9),
(478, 55, 54, 1),
(479, 56, 54, 2),
(480, 57, 54, 3),
(481, 58, 54, 4),
(482, 59, 54, 5),
(483, 60, 54, 6),
(484, 61, 54, 7),
(485, 62, 54, 8),
(486, 63, 54, 9),
(487, 56, 55, 1),
(488, 57, 55, 2),
(489, 58, 55, 3),
(490, 59, 55, 4),
(491, 60, 55, 5),
(492, 61, 55, 6),
(493, 62, 55, 7),
(494, 63, 55, 8),
(495, 64, 55, 9),
(496, 57, 56, 1),
(497, 58, 56, 2),
(498, 59, 56, 3),
(499, 60, 56, 4),
(500, 61, 56, 5),
(501, 62, 56, 6),
(502, 63, 56, 7),
(503, 64, 56, 8),
(504, 65, 56, 9),
(505, 58, 57, 1),
(506, 59, 57, 2),
(507, 60, 57, 3),
(508, 61, 57, 4),
(509, 62, 57, 5),
(510, 63, 57, 6),
(511, 64, 57, 7),
(512, 65, 57, 8),
(513, 66, 57, 9),
(514, 59, 58, 1),
(515, 60, 58, 2),
(516, 61, 58, 3),
(517, 62, 58, 4),
(518, 63, 58, 5),
(519, 64, 58, 6),
(520, 65, 58, 7),
(521, 66, 58, 8),
(522, 67, 58, 9),
(523, 60, 59, 1),
(524, 61, 59, 2),
(525, 62, 59, 3),
(526, 63, 59, 4),
(527, 64, 59, 5),
(528, 65, 59, 6),
(529, 66, 59, 7),
(530, 67, 59, 8),
(531, 68, 59, 9),
(532, 61, 60, 1),
(533, 62, 60, 2),
(534, 63, 60, 3),
(535, 64, 60, 4),
(536, 65, 60, 5),
(537, 66, 60, 6),
(538, 67, 60, 7),
(539, 68, 60, 8),
(540, 69, 60, 9),
(541, 62, 61, 1),
(542, 63, 61, 2),
(543, 64, 61, 3),
(544, 65, 61, 4),
(545, 66, 61, 5),
(546, 67, 61, 6),
(547, 68, 61, 7),
(548, 69, 61, 8),
(549, 70, 61, 9),
(550, 63, 62, 1),
(551, 64, 62, 2),
(552, 65, 62, 3),
(553, 66, 62, 4),
(554, 67, 62, 5),
(555, 68, 62, 6),
(556, 69, 62, 7),
(557, 70, 62, 8),
(558, 71, 62, 9),
(559, 64, 63, 1),
(560, 65, 63, 2),
(561, 66, 63, 3),
(562, 67, 63, 4),
(563, 68, 63, 5),
(564, 69, 63, 6),
(565, 70, 63, 7),
(566, 71, 63, 8),
(567, 72, 63, 9),
(568, 65, 64, 1),
(569, 66, 64, 2),
(570, 67, 64, 3),
(571, 68, 64, 4),
(572, 69, 64, 5),
(573, 70, 64, 6),
(574, 71, 64, 7),
(575, 72, 64, 8),
(576, 73, 64, 9),
(577, 66, 65, 1),
(578, 67, 65, 2),
(579, 68, 65, 3),
(580, 69, 65, 4),
(581, 70, 65, 5),
(582, 71, 65, 6),
(583, 72, 65, 7),
(584, 73, 65, 8),
(585, 74, 65, 9),
(586, 67, 66, 1),
(587, 68, 66, 2),
(588, 69, 66, 3),
(589, 70, 66, 4),
(590, 71, 66, 5),
(591, 72, 66, 6),
(592, 73, 66, 7),
(593, 74, 66, 8),
(594, 75, 66, 9),
(595, 68, 67, 1),
(596, 69, 67, 2),
(597, 70, 67, 3),
(598, 71, 67, 4),
(599, 72, 67, 5),
(600, 73, 67, 6),
(601, 74, 67, 7),
(602, 75, 67, 8),
(603, 76, 67, 9),
(604, 69, 68, 1),
(605, 70, 68, 2),
(606, 71, 68, 3),
(607, 72, 68, 4),
(608, 73, 68, 5),
(609, 74, 68, 6),
(610, 75, 68, 7),
(611, 76, 68, 8),
(612, 77, 68, 9),
(613, 70, 69, 1),
(614, 71, 69, 2),
(615, 72, 69, 3),
(616, 73, 69, 4),
(617, 74, 69, 5),
(618, 75, 69, 6),
(619, 76, 69, 7),
(620, 77, 69, 8),
(621, 78, 69, 9),
(622, 71, 70, 1),
(623, 72, 70, 2),
(624, 73, 70, 3),
(625, 74, 70, 4),
(626, 75, 70, 5),
(627, 76, 70, 6),
(628, 77, 70, 7),
(629, 78, 70, 8),
(630, 79, 70, 9),
(631, 72, 71, 1),
(632, 73, 71, 2),
(633, 74, 71, 3),
(634, 75, 71, 4),
(635, 76, 71, 5),
(636, 77, 71, 6),
(637, 78, 71, 7),
(638, 79, 71, 8),
(639, 80, 71, 9),
(640, 73, 72, 1),
(641, 74, 72, 2),
(642, 75, 72, 3),
(643, 76, 72, 4),
(644, 77, 72, 5),
(645, 78, 72, 6),
(646, 79, 72, 7),
(647, 80, 72, 8),
(648, 81, 72, 9),
(649, 74, 73, 1),
(650, 75, 73, 2),
(651, 76, 73, 3),
(652, 77, 73, 4),
(653, 78, 73, 5),
(654, 79, 73, 6),
(655, 80, 73, 7),
(656, 81, 73, 8),
(657, 82, 73, 9),
(658, 75, 74, 1),
(659, 76, 74, 2),
(660, 77, 74, 3),
(661, 78, 74, 4),
(662, 79, 74, 5),
(663, 80, 74, 6),
(664, 81, 74, 7),
(665, 82, 74, 8),
(666, 83, 74, 9),
(667, 76, 75, 1),
(668, 77, 75, 2),
(669, 78, 75, 3),
(670, 79, 75, 4),
(671, 80, 75, 5),
(672, 81, 75, 6),
(673, 82, 75, 7),
(674, 83, 75, 8),
(675, 84, 75, 9),
(676, 77, 76, 1),
(677, 78, 76, 2),
(678, 79, 76, 3),
(679, 80, 76, 4),
(680, 81, 76, 5),
(681, 82, 76, 6),
(682, 83, 76, 7),
(683, 84, 76, 8),
(684, 85, 76, 9),
(685, 78, 77, 1),
(686, 79, 77, 2),
(687, 80, 77, 3),
(688, 81, 77, 4),
(689, 82, 77, 5),
(690, 83, 77, 6),
(691, 84, 77, 7),
(692, 85, 77, 8),
(693, 86, 77, 9),
(694, 79, 78, 1),
(695, 80, 78, 2),
(696, 81, 78, 3),
(697, 82, 78, 4),
(698, 83, 78, 5),
(699, 84, 78, 6),
(700, 85, 78, 7),
(701, 86, 78, 8),
(702, 87, 78, 9),
(703, 80, 79, 1),
(704, 81, 79, 2),
(705, 82, 79, 3),
(706, 83, 79, 4),
(707, 84, 79, 5),
(708, 85, 79, 6),
(709, 86, 79, 7),
(710, 87, 79, 8),
(711, 88, 79, 9),
(712, 81, 80, 1),
(713, 82, 80, 2),
(714, 83, 80, 3),
(715, 84, 80, 4),
(716, 85, 80, 5),
(717, 86, 80, 6),
(718, 87, 80, 7),
(719, 88, 80, 8),
(720, 89, 80, 9),
(721, 82, 81, 1),
(722, 83, 81, 2),
(723, 84, 81, 3),
(724, 85, 81, 4),
(725, 86, 81, 5),
(726, 87, 81, 6),
(727, 88, 81, 7),
(728, 89, 81, 8),
(729, 90, 81, 9),
(730, 83, 82, 1),
(731, 84, 82, 2),
(732, 85, 82, 3),
(733, 86, 82, 4),
(734, 87, 82, 5),
(735, 88, 82, 6),
(736, 89, 82, 7),
(737, 90, 82, 8),
(738, 91, 82, 9),
(739, 84, 83, 1),
(740, 85, 83, 2),
(741, 86, 83, 3),
(742, 87, 83, 4),
(743, 88, 83, 5),
(744, 89, 83, 6),
(745, 90, 83, 7),
(746, 91, 83, 8),
(747, 92, 83, 9),
(748, 85, 84, 1),
(749, 86, 84, 2),
(750, 87, 84, 3),
(751, 88, 84, 4),
(752, 89, 84, 5),
(753, 90, 84, 6),
(754, 91, 84, 7),
(755, 92, 84, 8),
(756, 93, 84, 9),
(757, 86, 85, 1),
(758, 87, 85, 2),
(759, 88, 85, 3),
(760, 89, 85, 4),
(761, 90, 85, 5),
(762, 91, 85, 6),
(763, 92, 85, 7),
(764, 93, 85, 8),
(765, 94, 85, 9),
(766, 87, 86, 1),
(767, 88, 86, 2),
(768, 89, 86, 3),
(769, 90, 86, 4),
(770, 91, 86, 5),
(771, 92, 86, 6),
(772, 93, 86, 7),
(773, 94, 86, 8),
(774, 95, 86, 9),
(775, 88, 87, 1),
(776, 89, 87, 2),
(777, 90, 87, 3),
(778, 91, 87, 4),
(779, 92, 87, 5),
(780, 93, 87, 6),
(781, 94, 87, 7),
(782, 95, 87, 8),
(783, 96, 87, 9),
(784, 89, 88, 1),
(785, 90, 88, 2),
(786, 91, 88, 3),
(787, 92, 88, 4),
(788, 93, 88, 5),
(789, 94, 88, 6),
(790, 95, 88, 7),
(791, 96, 88, 8),
(792, 97, 88, 9),
(793, 90, 89, 1),
(794, 91, 89, 2),
(795, 92, 89, 3),
(796, 93, 89, 4),
(797, 94, 89, 5),
(798, 95, 89, 6),
(799, 96, 89, 7),
(800, 97, 89, 8),
(801, 98, 89, 9),
(802, 91, 90, 1),
(803, 92, 90, 2),
(804, 93, 90, 3),
(805, 94, 90, 4),
(806, 95, 90, 5),
(807, 96, 90, 6),
(808, 97, 90, 7),
(809, 98, 90, 8),
(810, 99, 90, 9),
(811, 92, 91, 1),
(812, 93, 91, 2),
(813, 94, 91, 3),
(814, 95, 91, 4),
(815, 96, 91, 5),
(816, 97, 91, 6),
(817, 98, 91, 7),
(818, 99, 91, 8),
(819, 100, 91, 9),
(820, 93, 92, 1),
(821, 94, 92, 2),
(822, 95, 92, 3),
(823, 96, 92, 4),
(824, 97, 92, 5),
(825, 98, 92, 6),
(826, 99, 92, 7),
(827, 100, 92, 8),
(828, 101, 92, 9),
(829, 94, 93, 1),
(830, 95, 93, 2),
(831, 96, 93, 3),
(832, 97, 93, 4),
(833, 98, 93, 5),
(834, 99, 93, 6),
(835, 100, 93, 7),
(836, 101, 93, 8),
(837, 102, 93, 9),
(838, 95, 94, 1),
(839, 96, 94, 2),
(840, 97, 94, 3),
(841, 98, 94, 4),
(842, 99, 94, 5),
(843, 100, 94, 6),
(844, 101, 94, 7),
(845, 102, 94, 8),
(846, 103, 94, 9),
(847, 96, 95, 1),
(848, 97, 95, 2),
(849, 98, 95, 3),
(850, 99, 95, 4),
(851, 100, 95, 5),
(852, 101, 95, 6),
(853, 102, 95, 7),
(854, 103, 95, 8),
(855, 104, 95, 9),
(856, 97, 96, 1),
(857, 98, 96, 2),
(858, 99, 96, 3),
(859, 100, 96, 4),
(860, 101, 96, 5),
(861, 102, 96, 6),
(862, 103, 96, 7),
(863, 104, 96, 8),
(864, 105, 96, 9),
(865, 98, 97, 1),
(866, 99, 97, 2),
(867, 100, 97, 3),
(868, 101, 97, 4),
(869, 102, 97, 5),
(870, 103, 97, 6),
(871, 104, 97, 7),
(872, 105, 97, 8),
(873, 106, 97, 9),
(874, 99, 98, 1),
(875, 100, 98, 2),
(876, 101, 98, 3),
(877, 102, 98, 4),
(878, 103, 98, 5),
(879, 104, 98, 6),
(880, 105, 98, 7),
(881, 106, 98, 8),
(882, 107, 98, 9),
(883, 100, 99, 1),
(884, 101, 99, 2),
(885, 102, 99, 3),
(886, 103, 99, 4),
(887, 104, 99, 5),
(888, 105, 99, 6),
(889, 106, 99, 7),
(890, 107, 99, 8),
(891, 108, 99, 9),
(892, 101, 100, 1),
(893, 102, 100, 2),
(894, 103, 100, 3),
(895, 104, 100, 4),
(896, 105, 100, 5),
(897, 106, 100, 6),
(898, 107, 100, 7),
(899, 108, 100, 8),
(900, 109, 100, 9),
(901, 102, 101, 1),
(902, 103, 101, 2),
(903, 104, 101, 3),
(904, 105, 101, 4),
(905, 106, 101, 5),
(906, 107, 101, 6),
(907, 108, 101, 7),
(908, 109, 101, 8),
(909, 110, 101, 9),
(910, 103, 102, 1),
(911, 104, 102, 2),
(912, 105, 102, 3),
(913, 106, 102, 4),
(914, 107, 102, 5),
(915, 108, 102, 6),
(916, 109, 102, 7),
(917, 110, 102, 8),
(918, 111, 102, 9),
(919, 104, 103, 1),
(920, 105, 103, 2),
(921, 106, 103, 3),
(922, 107, 103, 4),
(923, 108, 103, 5),
(924, 109, 103, 6),
(925, 110, 103, 7),
(926, 111, 103, 8),
(927, 112, 103, 9),
(928, 105, 104, 1),
(929, 106, 104, 2),
(930, 107, 104, 3),
(931, 108, 104, 4),
(932, 109, 104, 5),
(933, 110, 104, 6),
(934, 111, 104, 7),
(935, 112, 104, 8),
(936, 113, 104, 9),
(937, 106, 105, 1),
(938, 107, 105, 2),
(939, 108, 105, 3),
(940, 109, 105, 4),
(941, 110, 105, 5),
(942, 111, 105, 6),
(943, 112, 105, 7),
(944, 113, 105, 8),
(945, 114, 105, 9),
(946, 107, 106, 1),
(947, 108, 106, 2),
(948, 109, 106, 3),
(949, 110, 106, 4),
(950, 111, 106, 5),
(951, 112, 106, 6),
(952, 113, 106, 7),
(953, 114, 106, 8),
(954, 115, 106, 9),
(955, 108, 107, 1),
(956, 109, 107, 2),
(957, 110, 107, 3),
(958, 111, 107, 4),
(959, 112, 107, 5),
(960, 113, 107, 6),
(961, 114, 107, 7),
(962, 115, 107, 8),
(963, 116, 107, 9),
(964, 109, 108, 1),
(965, 110, 108, 2),
(966, 111, 108, 3),
(967, 112, 108, 4),
(968, 113, 108, 5),
(969, 114, 108, 6),
(970, 115, 108, 7),
(971, 116, 108, 8),
(972, 117, 108, 9),
(973, 110, 109, 1),
(974, 111, 109, 2),
(975, 112, 109, 3),
(976, 113, 109, 4),
(977, 114, 109, 5),
(978, 115, 109, 6),
(979, 116, 109, 7),
(980, 117, 109, 8),
(981, 118, 109, 9),
(982, 111, 110, 1),
(983, 112, 110, 2),
(984, 113, 110, 3),
(985, 114, 110, 4),
(986, 115, 110, 5),
(987, 116, 110, 6),
(988, 117, 110, 7),
(989, 118, 110, 8),
(990, 119, 110, 9),
(991, 120, 15, 10),
(992, 150, 3, 10);

-- --------------------------------------------------------

--
-- Estrutura da tabela `tb_marca_produto`
--

DROP TABLE IF EXISTS `tb_marca_produto`;
CREATE TABLE IF NOT EXISTS `tb_marca_produto` (
  `id` bigint(20) NOT NULL AUTO_INCREMENT,
  `descricao` varchar(200) NOT NULL,
  `habilitado` bit(1) DEFAULT NULL,
  `nome` varchar(50) NOT NULL,
  PRIMARY KEY (`id`)
) ENGINE=MyISAM AUTO_INCREMENT=6 DEFAULT CHARSET=latin1;

--
-- Extraindo dados da tabela `tb_marca_produto`
--

INSERT INTO `tb_marca_produto` (`id`, `descricao`, `habilitado`, `nome`) VALUES
(1, 'marca1', NULL, 'nome1'),
(2, 'marca2', b'1', 'nome2'),
(3, 'marca3', b'0', 'nome3'),
(4, 'marca4', b'1', 'nome4'),
(5, 'marca5', b'1', 'nome5');

-- --------------------------------------------------------

--
-- Estrutura da tabela `tb_parameter`
--

DROP TABLE IF EXISTS `tb_parameter`;
CREATE TABLE IF NOT EXISTS `tb_parameter` (
  `id` bigint(20) NOT NULL AUTO_INCREMENT,
  `descricao` varchar(255) DEFAULT NULL,
  `nome` varchar(255) DEFAULT NULL,
  `valor` varchar(255) DEFAULT NULL,
  PRIMARY KEY (`id`)
) ENGINE=MyISAM DEFAULT CHARSET=latin1;

-- --------------------------------------------------------

--
-- Estrutura da tabela `tb_perfil`
--

DROP TABLE IF EXISTS `tb_perfil`;
CREATE TABLE IF NOT EXISTS `tb_perfil` (
  `id` bigint(20) NOT NULL AUTO_INCREMENT,
  `descricao` varchar(255) DEFAULT NULL,
  `nome` varchar(255) DEFAULT NULL,
  PRIMARY KEY (`id`)
) ENGINE=MyISAM DEFAULT CHARSET=latin1;

-- --------------------------------------------------------

--
-- Estrutura da tabela `tb_produto`
--

DROP TABLE IF EXISTS `tb_produto`;
CREATE TABLE IF NOT EXISTS `tb_produto` (
  `id` bigint(20) NOT NULL AUTO_INCREMENT,
  `categoria` varchar(255) DEFAULT NULL,
  `descricao` varchar(255) DEFAULT NULL,
  `marca` varchar(255) DEFAULT NULL,
  `meses_garantia` int(11) DEFAULT NULL,
  `nome` varchar(255) DEFAULT NULL,
  PRIMARY KEY (`id`)
) ENGINE=MyISAM AUTO_INCREMENT=11 DEFAULT CHARSET=latin1;

--
-- Extraindo dados da tabela `tb_produto`
--

INSERT INTO `tb_produto` (`id`, `categoria`, `descricao`, `marca`, `meses_garantia`, `nome`) VALUES
(1, 'categoria1', 'descricao1 produto1', 'marca1', 1, 'nome produto1'),
(2, 'categoria2', 'descricao2 produto2', 'marca2', 2, 'nome produto2'),
(3, 'categoria3', 'descricao3 produto3', 'marca3', 3, 'nome produto3'),
(4, 'categoria1', 'descricao10 produto10', 'marca1', 10, 'nome produto10'),
(5, 'categoria2', 'descricao20 produto20', 'marca2', 20, 'nome produto20'),
(6, 'categoria3', 'descricao30 produto30', 'marca3', 30, 'nome produto30'),
(7, 'categoria1', 'categoria1 marca2', 'marca2', 10, 'nome produto120'),
(8, 'categoria2', 'categoria2 marca2', 'marca2', 20, 'nome produto220'),
(9, 'categoria3', 'categoria3 marca3', 'marca3', 30, 'nome produto330'),
(10, NULL, 'teclado', NULL, NULL, 'teclado1');

-- --------------------------------------------------------

--
-- Estrutura da tabela `tb_usuario`
--

DROP TABLE IF EXISTS `tb_usuario`;
CREATE TABLE IF NOT EXISTS `tb_usuario` (
  `type` varchar(31) NOT NULL,
  `id` bigint(20) NOT NULL AUTO_INCREMENT,
  `bairro_endereco_pessoal` varchar(255) DEFAULT NULL,
  `cep_endereco_pessoal` varchar(255) DEFAULT NULL,
  `cidade_endereco_pessoal` varchar(255) DEFAULT NULL,
  `cpf` bigint(20) DEFAULT NULL,
  `data_aniversario` date DEFAULT NULL,
  `data_criacao` date DEFAULT NULL,
  `habilitado` bit(1) DEFAULT NULL,
  `estado_endereco_pessoal` varchar(255) DEFAULT NULL,
  `nome` varchar(255) DEFAULT NULL,
  `numero_endereco_pessoal` varchar(255) DEFAULT NULL,
  `senha` varchar(255) DEFAULT NULL,
  `rua_endereco_pessoal` varchar(255) DEFAULT NULL,
  `telefone_contato` bigint(20) DEFAULT NULL,
  `token_validacao_email` varchar(255) DEFAULT NULL,
  `email` varchar(255) DEFAULT NULL,
  PRIMARY KEY (`id`)
) ENGINE=MyISAM DEFAULT CHARSET=latin1;

-- --------------------------------------------------------

--
-- Estrutura da tabela `tb_usuario_loja`
--

DROP TABLE IF EXISTS `tb_usuario_loja`;
CREATE TABLE IF NOT EXISTS `tb_usuario_loja` (
  `id_usuario` bigint(20) NOT NULL,
  `id_loja` bigint(20) NOT NULL,
  PRIMARY KEY (`id_usuario`,`id_loja`)
) ENGINE=MyISAM DEFAULT CHARSET=latin1;

-- --------------------------------------------------------

--
-- Estrutura da view `pesquisa` exportado como tabela
--
DROP TABLE IF EXISTS `pesquisa`;
CREATE TABLE IF NOT EXISTS `pesquisa`(
    `id_loja` bigint(20) DEFAULT NULL,
    `id_produto` bigint(20) DEFAULT NULL,
    `idloja` bigint(20) NOT NULL DEFAULT '0',
    `latitude` varchar(255) COLLATE latin1_swedish_ci DEFAULT NULL,
    `longitude` varchar(255) COLLATE latin1_swedish_ci DEFAULT NULL,
    `nomeloja` varchar(50) COLLATE latin1_swedish_ci NOT NULL,
    `idproduto` bigint(20) NOT NULL DEFAULT '0',
    `categoria` varchar(255) COLLATE latin1_swedish_ci DEFAULT NULL,
    `descricao` varchar(255) COLLATE latin1_swedish_ci DEFAULT NULL,
    `marca` varchar(255) COLLATE latin1_swedish_ci DEFAULT NULL,
    `nome` varchar(255) COLLATE latin1_swedish_ci DEFAULT NULL
);
COMMIT;

/*!40101 SET CHARACTER_SET_CLIENT=@OLD_CHARACTER_SET_CLIENT */;
/*!40101 SET CHARACTER_SET_RESULTS=@OLD_CHARACTER_SET_RESULTS */;
/*!40101 SET COLLATION_CONNECTION=@OLD_COLLATION_CONNECTION */;
